Name,Variation,Type1,Type2,Total,HP,Attack,Defense,SpAtk,SpDef,Speed
Bulbasaur,,Grass,Poison,318,45,49,49,65,65,45
Ivysaur,,Grass,Poison,405,60,62,63,80,80,60
Venusaur,,Grass,Poison,525,80,82,83,100,100,80
Venusaur,Mega ,Grass,Poison,625,80,100,123,122,120,80
Charmander,,Fire,,309,39,52,43,60,50,65
Charmeleon,,Fire,,405,58,64,58,80,65,80
Charizard,,Fire,Flying,534,78,84,78,109,85,100
Charizard,Mega X,Fire,Dragon,634,78,130,111,130,85,100
Charizard,Mega Y,Fire,Flying,634,78,104,78,159,115,100
Squirtle,,Water,,314,44,48,65,50,64,43
Wartortle,,Water,,405,59,63,80,65,80,58
Blastoise,,Water,,530,79,83,100,85,105,78
Blastoise,Mega,Water,,630,79,103,120,135,115,78
Caterpie,,Bug,,195,45,30,35,20,20,45
Metapod,,Bug,,205,50,20,55,25,25,30
Butterfree,,Bug,Flying,395,60,45,50,90,80,70
Weedle,,Bug,Poison,195,40,35,30,20,20,50
Kakuna,,Bug,Poison,205,45,25,50,25,25,35
Beedrill,,Bug,Poison,395,65,90,40,45,80,75
Beedrill,Mega,Bug,Poison,495,65,150,40,15,80,145
Pidgey,,Normal,Flying,251,40,45,40,35,35,56
Pidgeotto,,Normal,Flying,349,63,60,55,50,50,71
Pidgeot,,Normal,Flying,479,83,80,75,70,70,101
Pidgeot,Mega ,Normal,Flying,579,83,80,80,135,80,121
Rattata,,Normal,,253,30,56,35,25,35,72
Rattata,Alolan,Dark,Normal,253,30,56,35,25,35,72
Raticate,,Normal,,413,55,81,60,50,70,97
Raticate,Alolan ,Dark,Normal,413,75,71,70,40,80,77
Spearow,,Normal,Flying,262,40,60,30,31,31,70
Fearow,,Normal,Flying,442,65,90,65,61,61,100
Ekans,,Poison,,288,35,60,44,40,54,55
Arbok,,Poison,,448,60,95,69,65,79,80
Pikachu,,Electric,,320,35,55,40,50,50,90
Pikachu,Partner ,Electric,,430,45,80,50,75,60,120
Raichu,,Electric,,485,60,90,55,90,80,110
Raichu,Alolan ,Electric,Psychic,485,60,85,50,95,85,110
Sandshrew,,Ground,,300,50,75,85,20,30,40
Sandshrew,Alolan ,Ice,Steel,300,50,75,90,10,35,40
Sandslash,,Ground,,450,75,100,110,45,55,65
Sandslash,Alolan ,Ice,Steel,450,75,100,120,25,65,65
Nidoran,Female,Poison,,275,55,47,52,40,40,41
Nidorina,,Poison,,365,70,62,67,55,55,56
Nidoqueen,,Poison,Ground,505,90,92,87,75,85,76
Nidoran,Male,Poison,,273,46,57,40,40,40,50
Nidorino,,Poison,,365,61,72,57,55,55,65
Nidoking,,Poison,Ground,505,81,102,77,85,75,85
Clefairy,,Fairy,,323,70,45,48,60,65,35
Clefable,,Fairy,,483,95,70,73,95,90,60
Vulpix,,Fire,,299,38,41,40,50,65,65
Vulpix,Alolan ,Ice,,299,38,41,40,50,65,65
Ninetales,,Fire,,505,73,76,75,81,100,100
Ninetales,Alolan ,Ice,Fairy,505,73,67,75,81,100,109
Jigglypuff,,Normal,Fairy,270,115,45,20,45,25,20
Wigglytuff,,Normal,Fairy,435,140,70,45,85,50,45
Zubat,,Poison,Flying,245,40,45,35,30,40,55
Golbat,,Poison,Flying,455,75,80,70,65,75,90
Oddish,,Grass,Poison,320,45,50,55,75,65,30
Gloom,,Grass,Poison,395,60,65,70,85,75,40
Vileplume,,Grass,Poison,490,75,80,85,110,90,50
Paras,,Bug,Grass,285,35,70,55,45,55,25
Parasect,,Bug,Grass,405,60,95,80,60,80,30
Venonat,,Bug,Poison,305,60,55,50,40,55,45
Venomoth,,Bug,Poison,450,70,65,60,90,75,90
Diglett,,Ground,,265,10,55,25,35,45,95
Diglett,Alolan ,Ground,Steel,265,10,55,30,35,45,90
Dugtrio,,Ground,,425,35,100,50,50,70,120
Dugtrio,Alolan ,Ground,Steel,425,35,100,60,50,70,110
Meowth,,Normal,,290,40,45,35,40,40,90
Meowth,Alolan ,Dark,,290,40,35,35,50,40,90
Meowth,Galarian ,Steel,,290,50,65,55,40,40,40
Persian,,Normal,,440,65,70,60,65,65,115
Persian,Alolan ,Dark,,440,65,60,60,75,65,115
Psyduck,,Water,,320,50,52,48,65,50,55
Golduck,,Water,,500,80,82,78,95,80,85
Mankey,,Fighting,,305,40,80,35,35,45,70
Primeape,,Fighting,,455,65,105,60,60,70,95
Growlithe,,Fire,,350,55,70,45,70,50,60
Arcanine,,Fire,,555,90,110,80,100,80,95
Poliwag,,Water,,300,40,50,40,40,40,90
Poliwhirl,,Water,,385,65,65,65,50,50,90
Poliwrath,,Water,Fighting,510,90,95,95,70,90,70
Abra,,Psychic,,310,25,20,15,105,55,90
Kadabra,,Psychic,,400,40,35,30,120,70,105
Alakazam,,Psychic,,500,55,50,45,135,95,120
Alakazam,Mega ,Psychic,,600,55,50,65,175,105,150
Machop,,Fighting,,305,70,80,50,35,35,35
Machoke,,Fighting,,405,80,100,70,50,60,45
Machamp,,Fighting,,505,90,130,80,65,85,55
Bellsprout,,Grass,Poison,300,50,75,35,70,30,40
Weepinbell,,Grass,Poison,390,65,90,50,85,45,55
Victreebel,,Grass,Poison,490,80,105,65,100,70,70
Tentacool,,Water,Poison,335,40,40,35,50,100,70
Tentacruel,,Water,Poison,515,80,70,65,80,120,100
Geodude,,Rock,Ground,300,40,80,100,30,30,20
Geodude,Alolan ,Rock,Electric,300,40,80,100,30,30,20
Graveler,,Rock,Ground,390,55,95,115,45,45,35
Graveler,Alolan,Rock,Electric,390,55,95,115,45,45,35
Golem,,Rock,Ground,495,80,120,130,55,65,45
Golem,Alolan ,Rock,Electric,495,80,120,130,55,65,45
Ponyta,,Fire,,410,50,85,55,65,65,90
Ponyta,Galarian ,Psychic,,410,50,85,55,65,65,90
Rapidash,,Fire,,500,65,100,70,80,80,105
Rapidash,Galarian ,Psychic,Fairy,500,65,100,70,80,80,105
Slowpoke,,Water,Psychic,315,90,65,65,40,40,15
Slowpoke,Galarian ,Psychic,,315,90,65,65,40,40,15
Slowbro,,Water,Psychic,490,95,75,110,100,80,30
Slowbro,Mega ,Water,Psychic,590,95,75,180,130,80,30
Slowbro,Galarian ,Poison,Psychic,490,95,100,95,100,70,30
Magnemite,,Electric,Steel,325,25,35,70,95,55,45
Magneton,,Electric,Steel,465,50,60,95,120,70,70
Farfetch'd,,Normal,Flying,377,52,90,55,58,62,60
Farfetch'd,Galarian ,Fighting,,377,52,95,55,58,62,55
Doduo,,Normal,Flying,310,35,85,45,35,35,75
Dodrio,,Normal,Flying,470,60,110,70,60,60,110
Seel,,Water,,325,65,45,55,45,70,45
Dewgong,,Water,Ice,475,90,70,80,70,95,70
Grimer,,Poison,,325,80,80,50,40,50,25
Grimer,Alolan ,Poison,Dark,325,80,80,50,40,50,25
Muk,,Poison,,500,105,105,75,65,100,50
Muk,Alolan ,Poison,Dark,500,105,105,75,65,100,50
Shellder,,Water,,305,30,65,100,45,25,40
Cloyster,,Water,Ice,525,50,95,180,85,45,70
Gastly,,Ghost,Poison,310,30,35,30,100,35,80
Haunter,,Ghost,Poison,405,45,50,45,115,55,95
Gengar,,Ghost,Poison,500,60,65,60,130,75,110
Gengar,Mega ,Ghost,Poison,600,60,65,80,170,95,130
Onix,,Rock,Ground,385,35,45,160,30,45,70
Drowzee,,Psychic,,328,60,48,45,43,90,42
Hypno,,Psychic,,483,85,73,70,73,115,67
Krabby,,Water,,325,30,105,90,25,25,50
Kingler,,Water,,475,55,130,115,50,50,75
Voltorb,,Electric,,330,40,30,50,55,55,100
Electrode,,Electric,,490,60,50,70,80,80,150
Exeggcute,,Grass,Psychic,325,60,40,80,60,45,40
Exeggutor,,Grass,Psychic,530,95,95,85,125,75,55
Exeggutor,Alolan ,Grass,Dragon,530,95,105,85,125,75,45
Cubone,,Ground,,320,50,50,95,40,50,35
Marowak,,Ground,,425,60,80,110,50,80,45
Marowak,Alolan ,Fire,Ghost,425,60,80,110,50,80,45
Hitmonlee,,Fighting,,455,50,120,53,35,110,87
Hitmonchan,,Fighting,,455,50,105,79,35,110,76
Lickitung,,Normal,,385,90,55,75,60,75,30
Koffing,,Poison,,340,40,65,95,60,45,35
Weezing,,Poison,,490,65,90,120,85,70,60
Weezing,Galarian ,Poison,Fairy,490,65,90,120,85,70,60
Rhyhorn,,Ground,Rock,345,80,85,95,30,30,25
Rhydon,,Ground,Rock,485,105,130,120,45,45,40
Chansey,,Normal,,450,250,5,5,35,105,50
Tangela,,Grass,,435,65,55,115,100,40,60
Kangaskhan,,Normal,,490,105,95,80,40,80,90
Kangaskhan,Mega ,Normal,,590,105,125,100,60,100,100
Horsea,,Water,,295,30,40,70,70,25,60
Seadra,,Water,,440,55,65,95,95,45,85
Goldeen,,Water,,320,45,67,60,35,50,63
Seaking,,Water,,450,80,92,65,65,80,68
Staryu,,Water,,340,30,45,55,70,55,85
Starmie,,Water,Psychic,520,60,75,85,100,85,115
Mr.Mime,,Psychic,Fairy,460,40,45,65,100,120,90
Mr.Mime,Galarian ,Ice,Psychic,460,50,65,65,90,90,100
Scyther,,Bug,Flying,500,70,110,80,55,80,105
Jynx,,Ice,Psychic,455,65,50,35,115,95,95
Electabuzz,,Electric,,490,65,83,57,95,85,105
Magmar,,Fire,,495,65,95,57,100,85,93
Pinsir,,Bug,,500,65,125,100,55,70,85
Pinsir,Mega ,Bug,Flying,600,65,155,120,65,90,105
Tauros,,Normal,,490,75,100,95,40,70,110
Magikarp,,Water,,200,20,10,55,15,20,80
Gyarados,,Water,Flying,540,95,125,79,60,100,81
Gyarados,Mega ,Water,Dark,640,95,155,109,70,130,81
Lapras,,Water,Ice,535,130,85,80,85,95,60
Ditto,,Normal,,288,48,48,48,48,48,48
Eevee,,Normal,,325,55,55,50,45,65,55
Eevee,Partner ,Normal,,435,65,75,70,65,85,75
Vaporeon,,Water,,525,130,65,60,110,95,65
Jolteon,,Electric,,525,65,65,60,110,95,130
Flareon,,Fire,,525,65,130,60,95,110,65
Porygon,,Normal,,395,65,60,70,85,75,40
Omanyte,,Rock,Water,355,35,40,100,90,55,35
Omastar,,Rock,Water,495,70,60,125,115,70,55
Kabuto,,Rock,Water,355,30,80,90,55,45,55
Kabutops,,Rock,Water,495,60,115,105,65,70,80
Aerodactyl,,Rock,Flying,515,80,105,65,60,75,130
Aerodactyl,Mega ,Rock,Flying,615,80,135,85,70,95,150
Snorlax,,Normal,,540,160,110,65,65,110,30
Articuno,,Ice,Flying,580,90,85,100,95,125,85
Articuno,Galarian ,Psychic,Flying,580,90,85,85,125,100,95
Zapdos,,Electric,Flying,580,90,90,85,125,90,100
Zapdos,Galarian ,Fighting,Flying,580,90,125,90,85,90,100
Moltres,,Fire,Flying,580,90,100,90,125,85,90
Moltres,Galarian ,Dark,Flying,580,90,85,90,100,125,90
Dratini,,Dragon,,300,41,64,45,50,50,50
Dragonair,,Dragon,,420,61,84,65,70,70,70
Dragonite,,Dragon,Flying,600,91,134,95,100,100,80
Mewtwo,,Psychic,,680,106,110,90,154,90,130
Mewtwo,Mega X,Psychic,Fighting,780,106,190,100,154,100,130
Mewtwo,Mega Y,Psychic,,780,106,150,70,194,120,140
Mew,,Psychic,,600,100,100,100,100,100,100
Chikorita,,Grass,,318,45,49,65,49,65,45
Bayleef,,Grass,,405,60,62,80,63,80,60
Meganium,,Grass,,525,80,82,100,83,100,80
Cyndaquil,,Fire,,309,39,52,43,60,50,65
Quilava,,Fire,,405,58,64,58,80,65,80
Typhlosion,,Fire,,534,78,84,78,109,85,100
Totodile,,Water,,314,50,65,64,44,48,43
Croconaw,,Water,,405,65,80,80,59,63,58
Feraligatr,,Water,,530,85,105,100,79,83,78
Sentret,,Normal,,215,35,46,34,35,45,20
Furret,,Normal,,415,85,76,64,45,55,90
Hoothoot,,Normal,Flying,262,60,30,30,36,56,50
Noctowl,,Normal,Flying,452,100,50,50,86,96,70
Ledyba,,Bug,Flying,265,40,20,30,40,80,55
Ledian,,Bug,Flying,390,55,35,50,55,110,85
Spinarak,,Bug,Poison,250,40,60,40,40,40,30
Ariados,,Bug,Poison,400,70,90,70,60,70,40
Crobat,,Poison,Flying,535,85,90,80,70,80,130
Chinchou,,Water,Electric,330,75,38,38,56,56,67
Lanturn,,Water,Electric,460,125,58,58,76,76,67
Pichu,,Electric,,205,20,40,15,35,35,60
Cleffa,,Fairy,,218,50,25,28,45,55,15
Igglybuff,,Normal,Fairy,210,90,30,15,40,20,15
Togepi,,Fairy,,245,35,20,65,40,65,20
Togetic,,Fairy,Flying,405,55,40,85,80,105,40
Natu,,Psychic,Flying,320,40,50,45,70,45,70
Xatu,,Psychic,Flying,470,65,75,70,95,70,95
Mareep,,Electric,,280,55,40,40,65,45,35
Flaaffy,,Electric,,365,70,55,55,80,60,45
Ampharos,,Electric,,510,90,75,85,115,90,55
Ampharos,Mega ,Electric,Dragon,610,90,95,105,165,110,45
Bellossom,,Grass,,490,75,80,95,90,100,50
Marill,,Water,Fairy,250,70,20,50,20,50,40
Azumarill,,Water,Fairy,420,100,50,80,60,80,50
Sudowoodo,,Rock,,410,70,100,115,30,65,30
Politoed,,Water,,500,90,75,75,90,100,70
Hoppip,,Grass,Flying,250,35,35,40,35,55,50
Skiploom,,Grass,Flying,340,55,45,50,45,65,80
Jumpluff,,Grass,Flying,460,75,55,70,55,95,110
Aipom,,Normal,,360,55,70,55,40,55,85
Sunkern,,Grass,,180,30,30,30,30,30,30
Sunflora,,Grass,,425,75,75,55,105,85,30
Yanma,,Bug,Flying,390,65,65,45,75,45,95
Wooper,,Water,Ground,210,55,45,45,25,25,15
Quagsire,,Water,Ground,430,95,85,85,65,65,35
Espeon,,Psychic,,525,65,65,60,130,95,110
Umbreon,,Dark,,525,95,65,110,60,130,65
Murkrow,,Dark,Flying,405,60,85,42,85,42,91
Slowking,,Water,Psychic,490,95,75,80,100,110,30
Slowking,Galarian ,Poison,Psychic,490,95,65,80,110,110,30
Misdreavus,,Ghost,,435,60,60,60,85,85,85
Unown,,Psychic,,336,48,72,48,72,48,48
Wobbuffet,,Psychic,,405,190,33,58,33,58,33
Girafarig,,Normal,Psychic,455,70,80,65,90,65,85
Pineco,,Bug,,290,50,65,90,35,35,15
Forretress,,Bug,Steel,465,75,90,140,60,60,40
Dunsparce,,Normal,,415,100,70,70,65,65,45
Gligar,,Ground,Flying,430,65,75,105,35,65,85
Steelix,,Steel,Ground,510,75,85,200,55,65,30
Steelix,Mega ,Steel,Ground,610,75,125,230,55,95,30
Snubbull,,Fairy,,300,60,80,50,40,40,30
Granbull,,Fairy,,450,90,120,75,60,60,45
Qwilfish,,Water,Poison,440,65,95,85,55,55,85
Scizor,,Bug,Steel,500,70,130,100,55,80,65
Scizor,Mega ,Bug,Steel,600,70,150,140,65,100,75
Shuckle,,Bug,Rock,505,20,10,230,10,230,5
Heracross,,Bug,Fighting,500,80,125,75,40,95,85
Heracross,Mega ,Bug,Fighting,600,80,185,115,40,105,75
Sneasel,,Dark,Ice,430,55,95,55,35,75,115
Teddiursa,,Normal,,330,60,80,50,50,50,40
Ursaring,,Normal,,500,90,130,75,75,75,55
Slugma,,Fire,,250,40,40,40,70,40,20
Magcargo,,Fire,Rock,430,60,50,120,90,80,30
Swinub,,Ice,Ground,250,50,50,40,30,30,50
Piloswine,,Ice,Ground,450,100,100,80,60,60,50
Corsola,,Water,Rock,410,65,55,95,65,95,35
Corsola,Galarian ,Ghost,,410,60,55,100,65,100,30
Remoraid,,Water,,300,35,65,35,65,35,65
Octillery,,Water,,480,75,105,75,105,75,45
Delibird,,Ice,Flying,330,45,55,45,65,45,75
Mantine,,Water,Flying,485,85,40,70,80,140,70
Skarmory,,Steel,Flying,465,65,80,140,40,70,70
Houndour,,Dark,Fire,330,45,60,30,80,50,65
Houndoom,,Dark,Fire,500,75,90,50,110,80,95
Houndoom,Mega ,Dark,Fire,600,75,90,90,140,90,115
Kingdra,,Water,Dragon,540,75,95,95,95,95,85
Phanpy,,Ground,,330,90,60,60,40,40,40
Donphan,,Ground,,500,90,120,120,60,60,50
Porygon2,,Normal,,515,85,80,90,105,95,60
Stantler,,Normal,,465,73,95,62,85,65,85
Smeargle,,Normal,,250,55,20,35,20,45,75
Tyrogue,,Fighting,,210,35,35,35,35,35,35
Hitmontop,,Fighting,,455,50,95,95,35,110,70
Smoochum,,Ice,Psychic,305,45,30,15,85,65,65
Elekid,,Electric,,360,45,63,37,65,55,95
Magby,,Fire,,365,45,75,37,70,55,83
Miltank,,Normal,,490,95,80,105,40,70,100
Blissey,,Normal,,540,255,10,10,75,135,55
Raikou,,Electric,,580,90,85,75,115,100,115
Entei,,Fire,,580,115,115,85,90,75,100
Suicune,,Water,,580,100,75,115,90,115,85
Larvitar,,Rock,Ground,300,50,64,50,45,50,41
Pupitar,,Rock,Ground,410,70,84,70,65,70,51
Tyranitar,,Rock,Dark,600,100,134,110,95,100,61
Tyranitar,Mega ,Rock,Dark,700,100,164,150,95,120,71
Lugia,,Psychic,Flying,680,106,90,130,90,154,110
Ho-oh,,Fire,Flying,680,106,130,90,110,154,90
Celebi,,Psychic,Grass,600,100,100,100,100,100,100
Treecko,,Grass,,310,40,45,35,65,55,70
Grovyle,,Grass,,405,50,65,45,85,65,95
Sceptile,,Grass,,530,70,85,65,105,85,120
Sceptile,Mega ,Grass,Dragon,630,70,110,75,145,85,145
Torchic,,Fire,,310,45,60,40,70,50,45
Combusken,,Fire,Fighting,405,60,85,60,85,60,55
Blaziken,,Fire,Fighting,530,80,120,70,110,70,80
Blaziken,Mega ,Fire,Fighting,630,80,160,80,130,80,100
Mudkip,,Water,,310,50,70,50,50,50,40
Marshtomp,,Water,Ground,405,70,85,70,60,70,50
Swampert,,Water,Ground,535,100,110,90,85,90,60
Swampert,Mega ,Water,Ground,635,100,150,110,95,110,70
Poochyena,,Dark,,220,35,55,35,30,30,35
Mightyena,,Dark,,420,70,90,70,60,60,70
Zigzagoon,,Normal,,240,38,30,41,30,41,60
Zigzagoon,Galarian ,Dark,Normal,240,38,30,41,30,41,60
Linoone,,Normal,,420,78,70,61,50,61,100
Linoone,Galarian ,Dark,Normal,420,78,70,61,50,61,100
Wurmple,,Bug,,195,45,45,35,20,30,20
Silcoon,,Bug,,205,50,35,55,25,25,15
Beautifly,,Bug,Flying,395,60,70,50,100,50,65
Cascoon,,Bug,,205,50,35,55,25,25,15
Dustox,,Bug,Poison,385,60,50,70,50,90,65
Lotad,,Water,Grass,220,40,30,30,40,50,30
Lombre,,Water,Grass,340,60,50,50,60,70,50
Ludicolo,,Water,Grass,480,80,70,70,90,100,70
Seedot,,Grass,,220,40,40,50,30,30,30
Nuzleaf,,Grass,Dark,340,70,70,40,60,40,60
Shiftry,,Grass,Dark,480,90,100,60,90,60,80
Taillow,,Normal,Flying,270,40,55,30,30,30,85
Swellow,,Normal,Flying,455,60,85,60,75,50,125
Wingull,,Water,Flying,270,40,30,30,55,30,85
Pelipper,,Water,Flying,440,60,50,100,95,70,65
Ralts,,Psychic,Fairy,198,28,25,25,45,35,40
Kirlia,,Psychic,Fairy,278,38,35,35,65,55,50
Gardevoir,,Psychic,Fairy,518,68,65,65,125,115,80
Gardevoir,Mega ,Psychic,Fairy,618,68,85,65,165,135,100
Surskit,,Bug,Water,269,40,30,32,50,52,65
Masquerain,,Bug,Flying,454,70,60,62,100,82,80
Shroomish,,Grass,,295,60,40,60,40,60,35
Breloom,,Grass,Fighting,460,60,130,80,60,60,70
Slakoth,,Normal,,280,60,60,60,35,35,30
Vigoroth,,Normal,,440,80,80,80,55,55,90
Slaking,,Normal,,670,150,160,100,95,65,100
Nincada,,Bug,Ground,266,31,45,90,30,30,40
Ninjask,,Bug,Flying,456,61,90,45,50,50,160
Shedinja,,Bug,Ghost,236,1,90,45,30,30,40
Whismur,,Normal,,240,64,51,23,51,23,28
Loudred,,Normal,,360,84,71,43,71,43,48
Exploud,,Normal,,490,104,91,63,91,73,68
Makuhita,,Fighting,,237,72,60,30,20,30,25
Hariyama,,Fighting,,474,144,120,60,40,60,50
Azurill,,Normal,Fairy,190,50,20,40,20,40,20
Nosepass,,Rock,,375,30,45,135,45,90,30
Skitty,,Normal,,260,50,45,45,35,35,50
Delcatty,,Normal,,400,70,65,65,55,55,90
Sableye,,Dark,Ghost,380,50,75,75,65,65,50
Sableye,Mega ,Dark,Ghost,480,50,85,125,85,115,20
Mawile,,Steel,Fairy,380,50,85,85,55,55,50
Mawile,Mega ,Steel,Fairy,480,50,105,125,55,95,50
Aron,,Steel,Rock,330,50,70,100,40,40,30
Lairon,,Steel,Rock,430,60,90,140,50,50,40
Aggron,,Steel,Rock,530,70,110,180,60,60,50
Aggron,Mega ,Steel,,630,70,140,230,60,80,50
Meditite,,Fighting,Psychic,280,30,40,55,40,55,60
Medicham,,Fighting,Psychic,410,60,60,75,60,75,80
Medicham,Mega ,Fighting,Psychic,510,60,100,85,80,85,100
Electrike,,Electric,,295,40,45,40,65,40,65
Manectric,,Electric,,475,70,75,60,105,60,105
Manectric,Mega ,Electric,,575,70,75,80,135,80,135
Plusle,,Electric,,405,60,50,40,85,75,95
Minun,,Electric,,405,60,40,50,75,85,95
Volbeat,,Bug,,430,65,73,75,47,85,85
Illumise,,Bug,,430,65,47,75,73,85,85
Roselia,,Grass,Poison,400,50,60,45,100,80,65
Gulpin,,Poison,,302,70,43,53,43,53,40
Swalot,,Poison,,467,100,73,83,73,83,55
Carvanha,,Water,Dark,305,45,90,20,65,20,65
Sharpedo,,Water,Dark,460,70,120,40,95,40,95
Sharpedo,Mega ,Water,Dark,560,70,140,70,110,65,105
Wailmer,,Water,,400,130,70,35,70,35,60
Wailord,,Water,,500,170,90,45,90,45,60
Numel,,Fire,Ground,305,60,60,40,65,45,35
Camerupt,,Fire,Ground,460,70,100,70,105,75,40
Camerupt,Mega ,Fire,Ground,560,70,120,100,145,105,20
Torkoal,,Fire,,470,70,85,140,85,70,20
Spoink,,Psychic,,330,60,25,35,70,80,60
Grumpig,,Psychic,,470,80,45,65,90,110,80
Spinda,,Normal,,360,60,60,60,60,60,60
Trapinch,,Ground,,290,45,100,45,45,45,10
Vibrava,,Ground,Dragon,340,50,70,50,50,50,70
Flygon,,Ground,Dragon,520,80,100,80,80,80,100
Cacnea,,Grass,,335,50,85,40,85,40,35
Cacturne,,Grass,Dark,475,70,115,60,115,60,55
Swablu,,Normal,Flying,310,45,40,60,40,75,50
Altaria,,Dragon,Flying,490,75,70,90,70,105,80
Altaria,Mega ,Dragon,Fairy,590,75,110,110,110,105,80
Zangoose,,Normal,,458,73,115,60,60,60,90
Seviper,,Poison,,458,73,100,60,100,60,65
Lunatone,,Rock,Psychic,460,90,55,65,95,85,70
Solrock,,Rock,Psychic,460,90,95,85,55,65,70
Barboach,,Water,Ground,288,50,48,43,46,41,60
Whiscash,,Water,Ground,468,110,78,73,76,71,60
Corphish,,Water,,308,43,80,65,50,35,35
Crawdaunt,,Water,Dark,468,63,120,85,90,55,55
Baltoy,,Ground,Psychic,300,40,40,55,40,70,55
Claydol,,Ground,Psychic,500,60,70,105,70,120,75
Lileep,,Rock,Grass,355,66,41,77,61,87,23
Cradily,,Rock,Grass,495,86,81,97,81,107,43
Anorith,,Rock,Bug,355,45,95,50,40,50,75
Armaldo,,Rock,Bug,495,75,125,100,70,80,45
Feebas,,Water,,200,20,15,20,10,55,80
Milotic,,Water,,540,95,60,79,100,125,81
Castform,,Normal,,420,70,70,70,70,70,70
Castform,Sunny ,Fire,,420,70,70,70,70,70,70
Castform,Rainy ,Water,,420,70,70,70,70,70,70
Castform,Snowy ,Ice,,420,70,70,70,70,70,70
Kecleon,,Normal,,440,60,90,70,60,120,40
Shuppet,,Ghost,,295,44,75,35,63,33,45
Banette,,Ghost,,455,64,115,65,83,63,65
Banette,Mega ,Ghost,,555,64,165,75,93,83,75
Duskull,,Ghost,,295,20,40,90,30,90,25
Dusclops,,Ghost,,455,40,70,130,60,130,25
Tropius,,Grass,Flying,460,99,68,83,72,87,51
Chimecho,,Psychic,,455,75,50,80,95,90,65
Absol,,Dark,,465,65,130,60,75,60,75
Absol,Mega ,Dark,,565,65,150,60,115,60,115
Wynaut,,Psychic,,260,95,23,48,23,48,23
Snorunt,,Ice,,300,50,50,50,50,50,50
Glalie,,Ice,,480,80,80,80,80,80,80
Glalie,Mega ,Ice,,580,80,120,80,120,80,100
Spheal,,Ice,Water,290,70,40,50,55,50,25
Sealeo,,Ice,Water,410,90,60,70,75,70,45
Walrein,,Ice,Water,530,110,80,90,95,90,65
Clamperl,,Water,,345,35,64,85,74,55,32
Huntail,,Water,,485,55,104,105,94,75,52
Gorebyss,,Water,,485,55,84,105,114,75,52
Relicanth,,Water,Rock,485,100,90,130,45,65,55
Luvdisc,,Water,,330,43,30,55,40,65,97
Bagon,,Dragon,,300,45,75,60,40,30,50
Shelgon,,Dragon,,420,65,95,100,60,50,50
Salamence,,Dragon,Flying,600,95,135,80,110,80,100
Salamence,Mega ,Dragon,Flying,700,95,145,130,120,90,120
Beldum,,Steel,Psychic,300,40,55,80,35,60,30
Metang,,Steel,Psychic,420,60,75,100,55,80,50
Metagross,,Steel,Psychic,600,80,135,130,95,90,70
Metagross,Mega ,Steel,Psychic,700,80,145,150,105,110,110
Regirock,,Rock,,580,80,100,200,50,100,50
Regice,,Ice,,580,80,50,100,100,200,50
Registeel,,Steel,,580,80,75,150,75,150,50
Latias,,Dragon,Psychic,600,80,80,90,110,130,110
Latias,Mega ,Dragon,Psychic,700,80,100,120,140,150,110
Latios,,Dragon,Psychic,600,80,90,80,130,110,110
Latios,Mega ,Dragon,Psychic,700,80,130,100,160,120,110
Kyogre,,Water,,670,100,100,90,150,140,90
Kyogre,Primal ,Water,,770,100,150,90,180,160,90
Groudon,,Ground,,670,100,150,140,100,90,90
Groudon,Primal ,Ground,Fire,770,100,180,160,150,90,90
Rayquaza,,Dragon,Flying,680,105,150,90,150,90,95
Rayquaza,Mega ,Dragon,Flying,780,105,180,100,180,100,115
Jirachi,,Steel,Psychic,600,100,100,100,100,100,100
Deoxys,Normal ,Psychic,,600,50,150,50,150,50,150
Deoxys,Attack ,Psychic,,600,50,180,20,180,20,150
Deoxys,Defense ,Psychic,,600,50,70,160,70,160,90
Deoxys,Speed ,Psychic,,600,50,95,90,95,90,180
Turtwig,,Grass,,318,55,68,64,45,55,31
Grotle,,Grass,,405,75,89,85,55,65,36
Torterra,,Grass,Ground,525,95,109,105,75,85,56
Chimchar,,Fire,,309,44,58,44,58,44,61
Monferno,,Fire,Fighting,405,64,78,52,78,52,81
Infernape,,Fire,Fighting,534,76,104,71,104,71,108
Piplup,,Water,,314,53,51,53,61,56,40
Prinplup,,Water,,405,64,66,68,81,76,50
Empoleon,,Water,Steel,530,84,86,88,111,101,60
Starly,,Normal,Flying,245,40,55,30,30,30,60
Staravia,,Normal,Flying,340,55,75,50,40,40,80
Staraptor,,Normal,Flying,485,85,120,70,50,60,100
Bidoof,,Normal,,250,59,45,40,35,40,31
Bibarel,,Normal,Water,410,79,85,60,55,60,71
Kricketot,,Bug,,194,37,25,41,25,41,25
Kricketune,,Bug,,384,77,85,51,55,51,65
Shinx,,Electric,,263,45,65,34,40,34,45
Luxio,,Electric,,363,60,85,49,60,49,60
Luxray,,Electric,,523,80,120,79,95,79,70
Budew,,Grass,Poison,280,40,30,35,50,70,55
Roserade,,Grass,Poison,515,60,70,65,125,105,90
Cranidos,,Rock,,350,67,125,40,30,30,58
Rampardos,,Rock,,495,97,165,60,65,50,58
Shieldon,,Rock,Steel,350,30,42,118,42,88,30
Bastiodon,,Rock,Steel,495,60,52,168,47,138,30
Burmy,,Bug,,224,40,29,45,29,45,36
Wormadam,Plant Cloak ,Bug,Grass,424,60,59,85,79,105,36
Wormadam,Sandy Cloak ,Bug,Ground,424,60,79,105,59,85,36
Wormadam,Trash Cloak ,Bug,Steel,424,60,69,95,69,95,36
Mothim,,Bug,Flying,424,70,94,50,94,50,66
Combee,,Bug,Flying,244,30,30,42,30,42,70
Vespiquen,,Bug,Flying,474,70,80,102,80,102,40
Pachirisu,,Electric,,405,60,45,70,45,90,95
Buizel,,Water,,330,55,65,35,60,30,85
Floatzel,,Water,,495,85,105,55,85,50,115
Cherubi,,Grass,,275,45,35,45,62,53,35
Cherrim,,Grass,,450,70,60,70,87,78,85
Shellos,,Water,,325,76,48,48,57,62,34
Gastrodon,,Water,Ground,475,111,83,68,92,82,39
Ambipom,,Normal,,482,75,100,66,60,66,115
Drifloon,,Ghost,Flying,348,90,50,34,60,44,70
Drifblim,,Ghost,Flying,498,150,80,44,90,54,80
Buneary,,Normal,,350,55,66,44,44,56,85
Lopunny,,Normal,,480,65,76,84,54,96,105
Lopunny,Mega ,Normal,Fighting,580,65,136,94,54,96,135
Mismagius,,Ghost,,495,60,60,60,105,105,105
Honchkrow,,Dark,Flying,505,100,125,52,105,52,71
Glameow,,Normal,,310,49,55,42,42,37,85
Purugly,,Normal,,452,71,82,64,64,59,112
Chingling,,Psychic,,285,45,30,50,65,50,45
Stunky,,Poison,Dark,329,63,63,47,41,41,74
Skuntank,,Poison,Dark,479,103,93,67,71,61,84
Bronzor,,Steel,Psychic,300,57,24,86,24,86,23
Bronzong,,Steel,Psychic,500,67,89,116,79,116,33
Bonsly,,Rock,,290,50,80,95,10,45,10
Mime Jr.,,Psychic,Fairy,310,20,25,45,70,90,60
Happiny,,Normal,,220,100,5,5,15,65,30
Chatot,,Normal,Flying,411,76,65,45,92,42,91
Spiritomb,,Ghost,Dark,485,50,92,108,92,108,35
Gible,,Dragon,Ground,300,58,70,45,40,45,42
Gabite,,Dragon,Ground,410,68,90,65,50,55,82
Garchomp,,Dragon,Ground,600,108,130,95,80,85,102
Garchomp,Mega ,Dragon,Ground,700,108,170,115,120,95,92
Munchlax,,Normal,,390,135,85,40,40,85,5
Riolu,,Fighting,,285,40,70,40,35,40,60
Lucario,,Fighting,Steel,525,70,110,70,115,70,90
Lucario,Mega ,Fighting,Steel,625,70,145,88,140,70,112
Hippopotas,,Ground,,330,68,72,78,38,42,32
Hippowdon,,Ground,,525,108,112,118,68,72,47
Skorupi,,Poison,Bug,330,40,50,90,30,55,65
Drapion,,Poison,Dark,500,70,90,110,60,75,95
Croagunk,,Poison,Fighting,300,48,61,40,61,40,50
Toxicroak,,Poison,Fighting,490,83,106,65,86,65,85
Carnivine,,Grass,,454,74,100,72,90,72,46
Finneon,,Water,,330,49,49,56,49,61,66
Lumineon,,Water,,460,69,69,76,69,86,91
Mantyke,,Water,Flying,345,45,20,50,60,120,50
Snover,,Grass,Ice,334,60,62,50,62,60,40
Abomasnow,,Grass,Ice,494,90,92,75,92,85,60
Abomasnow,Mega ,Grass,Ice,594,90,132,105,132,105,30
Weavile,,Dark,Ice,510,70,120,65,45,85,125
Magnezone,,Electric,Steel,535,70,70,115,130,90,60
Lickilicky,,Normal,,515,110,85,95,80,95,50
Rhyperior,,Ground,Rock,535,115,140,130,55,55,40
Tangrowth,,Grass,,535,100,100,125,110,50,50
Electivire,,Electric,,540,75,123,67,95,85,95
Magmortar,,Fire,,540,75,95,67,125,95,83
Togekiss,,Fairy,Flying,545,85,50,95,120,115,80
Yanmega,,Bug,Flying,515,86,76,86,116,56,95
Leafeon,,Grass,,525,65,110,130,60,65,95
Glaceon,,Ice,,525,65,60,110,130,95,65
Gliscor,,Ground,Flying,510,75,95,125,45,75,95
Mamoswine,,Ice,Ground,530,110,130,80,70,60,80
Porygon-Z,,Normal,,535,85,80,70,135,75,90
Gallade,,Psychic,Fighting,518,68,125,65,65,115,80
Gallade,Mega ,Psychic,Fighting,618,68,165,95,65,115,110
Probopass,,Rock,Steel,525,60,55,145,75,150,40
Dusknoir,,Ghost,,525,45,100,135,65,135,45
Froslass,,Ice,Ghost,480,70,80,70,80,70,110
Rotom,,Electric,Ghost,440,50,50,77,95,77,91
Rotom,Heat ,Electric,Fire,520,50,65,107,105,107,86
Rotom,Wash ,Electric,Water,520,50,65,107,105,107,86
Rotom,Frost ,Electric,Ice,520,50,65,107,105,107,86
Rotom,Fan ,Electric,Flying,520,50,65,107,105,107,86
Rotom,Mow ,Electric,Grass,520,50,65,107,105,107,86
Uxie,,Psychic,,580,75,75,130,75,130,95
Mesprit,,Psychic,,580,80,105,105,105,105,80
Azelf,,Psychic,,580,75,125,70,125,70,115
Dialga,,Steel,Dragon,680,100,120,120,150,100,90
Palkia,,Water,Dragon,680,90,120,100,150,120,100
Heatran,,Fire,Steel,600,91,90,106,130,106,77
Regigigas,,Normal,,670,110,160,110,80,110,100
Giratina,Altered ,Ghost,Dragon,680,150,100,120,100,120,90
Giratina,Origin ,Ghost,Dragon,680,150,120,100,120,100,90
Cresselia,,Psychic,,600,120,70,120,75,130,85
Phione,,Water,,480,80,80,80,80,80,80
Manaphy,,Water,,600,100,100,100,100,100,100
Darkrai,,Dark,,600,70,90,90,135,90,125
Shaymin,Land ,Grass,,600,100,100,100,100,100,100
Shaymin,Sky ,Grass,Flying,600,100,103,75,120,75,127
Arceus,,Normal,,720,120,120,120,120,120,120
Victini,,Psychic,Fire,600,100,100,100,100,100,100
Snivy,,Grass,,308,45,45,55,45,55,63
Servine,,Grass,,413,60,60,75,60,75,83
Serperior,,Grass,,528,75,75,95,75,95,113
Tepig,,Fire,,308,65,63,45,45,45,45
Pignite,,Fire,Fighting,418,90,93,55,70,55,55
Emboar,,Fire,Fighting,528,110,123,65,100,65,65
Oshawott,,Water,,308,55,55,45,63,45,45
Dewott,,Water,,413,75,75,60,83,60,60
Samurott,,Water,,528,95,100,85,108,70,70
Patrat,,Normal,,255,45,55,39,35,39,42
Watchog,,Normal,,420,60,85,69,60,69,77
Lillipup,,Normal,,275,45,60,45,25,45,55
Herdier,,Normal,,370,65,80,65,35,65,60
Stoutland,,Normal,,500,85,110,90,45,90,80
Purrloin,,Dark,,281,41,50,37,50,37,66
Liepard,,Dark,,446,64,88,50,88,50,106
Pansage,,Grass,,316,50,53,48,53,48,64
Simisage,,Grass,,498,75,98,63,98,63,101
Pansear,,Fire,,316,50,53,48,53,48,64
Simisear,,Fire,,498,75,98,63,98,63,101
Panpour,,Water,,316,50,53,48,53,48,64
Simipour,,Water,,498,75,98,63,98,63,101
Munna,,Psychic,,292,76,25,45,67,55,24
Musharna,,Psychic,,487,116,55,85,107,95,29
Pidove,,Normal,Flying,264,50,55,50,36,30,43
Tranquill,,Normal,Flying,358,62,77,62,50,42,65
Unfezant,,Normal,Flying,488,80,115,80,65,55,93
Blitzle,,Electric,,295,45,60,32,50,32,76
Zebstrika,,Electric,,497,75,100,63,80,63,116
Roggenrola,,Rock,,280,55,75,85,25,25,15
Boldore,,Rock,,390,70,105,105,50,40,20
Gigalith,,Rock,,515,85,135,130,60,80,25
Woobat,,Psychic,Flying,323,65,45,43,55,43,72
Swoobat,,Psychic,Flying,425,67,57,55,77,55,114
Drilbur,,Ground,,328,60,85,40,30,45,68
Excadrill,,Ground,Steel,508,110,135,60,50,65,88
Audino,,Normal,,445,103,60,86,60,86,50
Audino,Mega ,Normal,Fairy,545,103,60,126,80,126,50
Timburr,,Fighting,,305,75,80,55,25,35,35
Gurdurr,,Fighting,,405,85,105,85,40,50,40
Conkeldurr,,Fighting,,505,105,140,95,55,65,45
Tympole,,Water,,294,50,50,40,50,40,64
Palpitoad,,Water,Ground,384,75,65,55,65,55,69
Seismitoad,,Water,Ground,509,105,95,75,85,75,74
Throh,,Fighting,,465,120,100,85,30,85,45
Sawk,,Fighting,,465,75,125,75,30,75,85
Sewaddle,,Bug,Grass,310,45,53,70,40,60,42
Swadloon,,Bug,Grass,380,55,63,90,50,80,42
Leavanny,,Bug,Grass,500,75,103,80,70,80,92
Venipede,,Bug,Poison,260,30,45,59,30,39,57
Whirlipede,,Bug,Poison,360,40,55,99,40,79,47
Scolipede,,Bug,Poison,485,60,100,89,55,69,112
Cottonee,,Grass,Fairy,280,40,27,60,37,50,66
Whimsicott,,Grass,Fairy,480,60,67,85,77,75,116
Petilil,,Grass,,280,45,35,50,70,50,30
Lilligant,,Grass,,480,70,60,75,110,75,90
Basculin,Red-Striped,Water,,460,70,92,65,80,55,98
Basculin,Blue-Striped,Water,,460,70,92,65,80,55,98
Sandile,,Ground,Dark,292,50,72,35,35,35,65
Krokorok,,Ground,Dark,351,60,82,45,45,45,74
Krookodile,,Ground,Dark,519,95,117,80,65,70,92
Darumaka,,Fire,,315,70,90,45,15,45,50
Darumaka,Galarian ,Ice,,315,70,90,45,15,45,50
Darmanitan,Standard ,Fire,,480,105,140,55,30,55,95
Darmanitan,Zen ,Fire,Psychic,540,105,30,105,140,105,55
Darmanitan,Galarian Standard,Ice,,480,105,140,55,30,55,95
Darmanitan,Galarian Zen ,Ice,Fire,540,105,160,55,30,55,135
Maractus,,Grass,,461,75,86,67,106,67,60
Dwebble,,Bug,Rock,325,50,65,85,35,35,55
Crustle,,Bug,Rock,485,70,105,125,65,75,45
Scraggy,,Dark,Fighting,348,50,75,70,35,70,48
Scrafty,,Dark,Fighting,488,65,90,115,45,115,58
Sigilyph,,Psychic,Flying,490,72,58,80,103,80,97
Yamask,,Ghost,,303,38,30,85,55,65,30
Yamask,Galarian ,Ground,Ghost,303,38,55,85,30,65,30
Cofagrigus,,Ghost,,483,58,50,145,95,105,30
Tirtouga,,Water,Rock,355,54,78,103,53,45,22
Carracosta,,Water,Rock,495,74,108,133,83,65,32
Archen,,Rock,Flying,401,55,112,45,74,45,70
Archeops,,Rock,Flying,567,75,140,65,112,65,110
Trubbish,,Poison,,329,50,50,62,40,62,65
Garbodor,,Poison,,474,80,95,82,60,82,75
Zorua,,Dark,,330,40,65,40,80,40,65
Zoroark,,Dark,,510,60,105,60,120,60,105
Minccino,,Normal,,300,55,50,40,40,40,75
Cinccino,,Normal,,470,75,95,60,65,60,115
Gothita,,Psychic,,290,45,30,50,55,65,45
Gothorita,,Psychic,,390,60,45,70,75,85,55
Gothitelle,,Psychic,,490,70,55,95,95,110,65
Solosis,,Psychic,,290,45,30,40,105,50,20
Duosion,,Psychic,,370,65,40,50,125,60,30
Reuniclus,,Psychic,,490,110,65,75,125,85,30
Ducklett,,Water,Flying,305,62,44,50,44,50,55
Swanna,,Water,Flying,473,75,87,63,87,63,98
Vanillite,,Ice,,305,36,50,50,65,60,44
Vanillish,,Ice,,395,51,65,65,80,75,59
Vanilluxe,,Ice,,535,71,95,85,110,95,79
Deerling,,Normal,Grass,335,60,60,50,40,50,75
Sawsbuck,,Normal,Grass,475,80,100,70,60,70,95
Emolga,,Electric,Flying,428,55,75,60,75,60,103
Karrablast,,Bug,,315,50,75,45,40,45,60
Escavalier,,Bug,Steel,495,70,135,105,60,105,20
Foongus,,Grass,Poison,294,69,55,45,55,55,15
Amoonguss,,Grass,Poison,464,114,85,70,85,80,30
Frillish,,Water,Ghost,335,55,40,50,65,85,40
Jellicent,,Water,Ghost,480,100,60,70,85,105,60
Alomomola,,Water,,470,165,75,80,40,45,65
Joltik,,Bug,Electric,319,50,47,50,57,50,65
Galvantula,,Bug,Electric,472,70,77,60,97,60,108
Ferroseed,,Grass,Steel,305,44,50,91,24,86,10
Ferrothorn,,Grass,Steel,489,74,94,131,54,116,20
Klink,,Steel,,300,40,55,70,45,60,30
Klang,,Steel,,440,60,80,95,70,85,50
Klinklang,,Steel,,520,60,100,115,70,85,90
Tynamo,,Electric,,275,35,55,40,45,40,60
Eelektrik,,Electric,,405,65,85,70,75,70,40
Eelektross,,Electric,,515,85,115,80,105,80,50
Elgyem,,Psychic,,335,55,55,55,85,55,30
Beheeyem,,Psychic,,485,75,75,75,125,95,40
Litwick,,Ghost,Fire,275,50,30,55,65,55,20
Lampent,,Ghost,Fire,370,60,40,60,95,60,55
Chandelure,,Ghost,Fire,520,60,55,90,145,90,80
Axew,,Dragon,,320,46,87,60,30,40,57
Fraxure,,Dragon,,410,66,117,70,40,50,67
Haxorus,,Dragon,,540,76,147,90,60,70,97
Cubchoo,,Ice,,305,55,70,40,60,40,40
Beartic,,Ice,,505,95,130,80,70,80,50
Cryogonal,,Ice,,515,80,50,50,95,135,105
Shelmet,,Bug,,305,50,40,85,40,65,25
Accelgor,,Bug,,495,80,70,40,100,60,145
Stunfisk,,Ground,Electric,471,109,66,84,81,99,32
Stunfisk,Galarian ,Ground,Steel,471,109,81,99,66,84,32
Mienfoo,,Fighting,,350,45,85,50,55,50,65
Mienshao,,Fighting,,510,65,125,60,95,60,105
Druddigon,,Dragon,,485,77,120,90,60,90,48
Golett,,Ground,Ghost,303,59,74,50,35,50,35
Golurk,,Ground,Ghost,483,89,124,80,55,80,55
Pawniard,,Dark,Steel,340,45,85,70,40,40,60
Bisharp,,Dark,Steel,490,65,125,100,60,70,70
Bouffalant,,Normal,,490,95,110,95,40,95,55
Rufflet,,Normal,Flying,350,70,83,50,37,50,60
Braviary,,Normal,Flying,510,100,123,75,57,75,80
Vullaby,,Dark,Flying,370,70,55,75,45,65,60
Mandibuzz,,Dark,Flying,510,110,65,105,55,95,80
Heatmor,,Fire,,484,85,97,66,105,66,65
Durant,,Bug,Steel,484,58,109,112,48,48,109
Deino,,Dark,Dragon,300,52,65,50,45,50,38
Zweilous,,Dark,Dragon,420,72,85,70,65,70,58
Hydreigon,,Dark,Dragon,600,92,105,90,125,90,98
Larvesta,,Bug,Fire,360,55,85,55,50,55,60
Volcarona,,Bug,Fire,550,85,60,65,135,105,100
Cobalion,,Steel,Fighting,580,91,90,129,90,72,108
Terrakion,,Rock,Fighting,580,91,129,90,72,90,108
Virizion,,Grass,Fighting,580,91,90,72,90,129,108
Tornadus,Incarnate ,Flying,,580,79,115,70,125,80,111
Tornadus,Therian ,Flying,,580,79,100,80,110,90,121
Thundurus,Incarnate ,Electric,Flying,580,79,115,70,125,80,111
Thundurus,Therian ,Electric,Flying,580,79,105,70,145,80,101
Reshiram,,Dragon,Fire,680,100,120,100,150,120,90
Zekrom,,Dragon,Electric,680,100,150,120,120,100,90
Landorus,Incarnate ,Ground,Flying,600,89,125,90,115,80,101
Landorus,Therian ,Ground,Flying,600,89,145,90,105,80,91
Kyurem,,Dragon,Ice,660,125,130,90,130,90,95
Kyurem,Black ,Dragon,Ice,700,125,170,100,120,90,95
Kyurem,White ,Dragon,Ice,700,125,120,90,170,100,95
Keldeo,Ordinary ,Water,Fighting,580,91,72,90,129,90,108
Keldeo,Resolute ,Water,Fighting,580,91,72,90,129,90,108
Meloetta,Aria ,Normal,Psychic,600,100,77,77,128,128,90
Meloetta,Pirouette ,Normal,Fighting,600,100,128,90,77,77,128
Genesect,,Bug,Steel,600,71,120,95,120,95,99
Chespin,,Grass,,313,56,61,65,48,45,38
Quilladin,,Grass,,405,61,78,95,56,58,57
Chesnaught,,Grass,Fighting,530,88,107,122,74,75,64
Fennekin,,Fire,,307,40,45,40,62,60,60
Braixen,,Fire,,409,59,59,58,90,70,73
Delphox,,Fire,Psychic,534,75,69,72,114,100,104
Froakie,,Water,,314,41,56,40,62,44,71
Frogadier,,Water,,405,54,63,52,83,56,97
Greninja,,Water,Dark,530,72,95,67,103,71,122
Greninja,Ash-Greninja,Water,Dark,640,72,145,67,153,71,132
Bunnelby,,Normal,,237,38,36,38,32,36,57
Diggersby,,Normal,Ground,423,85,56,77,50,77,78
Fletchling,,Normal,Flying,278,45,50,43,40,38,62
Fletchinder,,Fire,Flying,382,62,73,55,56,52,84
Talonflame,,Fire,Flying,499,78,81,71,74,69,126
Scatterbug,,Bug,,200,38,35,40,27,25,35
Spewpa,,Bug,,213,45,22,60,27,30,29
Vivillon,,Bug,Flying,411,80,52,50,90,50,89
Litleo,,Fire,Normal,369,62,50,58,73,54,72
Pyroar,,Fire,Normal,507,86,68,72,109,66,106
Flabébé,,Fairy,,303,44,38,39,61,79,42
Floette,,Fairy,,371,54,45,47,75,98,52
Florges,,Fairy,,552,78,65,68,112,154,75
Skiddo,,Grass,,350,66,65,48,62,57,52
Gogoat,,Grass,,531,123,100,62,97,81,68
Pancham,,Fighting,,348,67,82,62,46,48,43
Pangoro,,Fighting,Dark,495,95,124,78,69,71,58
Furfrou,,Normal,,472,75,80,60,65,90,102
Espurr,,Psychic,,355,62,48,54,63,60,68
Meowstic,Male ,Psychic,,466,74,48,76,83,81,104
Meowstic,Female ,Psychic,,466,74,48,76,83,81,104
Honedge,,Steel,Ghost,325,45,80,100,35,37,28
Doublade,,Steel,Ghost,448,59,110,150,45,49,35
Aegislash,Shield ,Steel,Ghost,500,60,50,140,50,140,60
Aegislash,Blade ,Steel,Ghost,500,60,140,50,140,50,60
Spritzee,,Fairy,,341,78,52,60,63,65,23
Aromatisse,,Fairy,,462,101,72,72,99,89,29
Swirlix,,Fairy,,341,62,48,66,59,57,49
Slurpuff,,Fairy,,480,82,80,86,85,75,72
Inkay,,Dark,Psychic,288,53,54,53,37,46,45
Malamar,,Dark,Psychic,482,86,92,88,68,75,73
Binacle,,Rock,Water,306,42,52,67,39,56,50
Barbaracle,,Rock,Water,500,72,105,115,54,86,68
Skrelp,,Poison,Water,320,50,60,60,60,60,30
Dragalge,,Poison,Dragon,494,65,75,90,97,123,44
Clauncher,,Water,,330,50,53,62,58,63,44
Clawitzer,,Water,,500,71,73,88,120,89,59
Helioptile,,Electric,Normal,289,44,38,33,61,43,70
Heliolisk,,Electric,Normal,481,62,55,52,109,94,109
Tyrunt,,Rock,Dragon,362,58,89,77,45,45,48
Tyrantrum,,Rock,Dragon,521,82,121,119,69,59,71
Amaura,,Rock,Ice,362,77,59,50,67,63,46
Aurorus,,Rock,Ice,521,123,77,72,99,92,58
Sylveon,,Fairy,,525,95,65,65,110,130,60
Hawlucha,,Fighting,Flying,500,78,92,75,74,63,118
Dedenne,,Electric,Fairy,431,67,58,57,81,67,101
Carbink,,Rock,Fairy,500,50,50,150,50,150,50
Goomy,,Dragon,,300,45,50,35,55,75,40
Sliggoo,,Dragon,,452,68,75,53,83,113,60
Goodra,,Dragon,,600,90,100,70,110,150,80
Klefki,,Steel,Fairy,470,57,80,91,80,87,75
Phantump,,Ghost,Grass,309,43,70,48,50,60,38
Trevenant,,Ghost,Grass,474,85,110,76,65,82,56
Pumpkaboo,Average Size ,Ghost,Grass,335,49,66,70,44,55,51
Pumpkaboo,Small Size ,Ghost,Grass,335,44,66,70,44,55,56
Pumpkaboo,Large Size ,Ghost,Grass,335,54,66,70,44,55,46
Pumpkaboo,Super Size ,Ghost,Grass,335,59,66,70,44,55,41
Gourgeist,Average Size ,Ghost,Grass,494,65,90,122,58,75,84
Gourgeist,Small Size ,Ghost,Grass,494,55,85,122,58,75,99
Gourgeist,Large Size ,Ghost,Grass,494,75,95,122,58,75,69
Gourgeist,Super Size ,Ghost,Grass,494,85,100,122,58,75,54
Bergmite,,Ice,,304,55,69,85,32,35,28
Avalugg,,Ice,,514,95,117,184,44,46,28
Noibat,,Flying,Dragon,245,40,30,35,45,40,55
Noivern,,Flying,Dragon,535,85,70,80,97,80,123
Xerneas,,Fairy,,680,126,131,95,131,98,99
Yveltal,,Dark,Flying,680,126,131,95,131,98,99
Zygarde ,50%,Dragon,Ground,600,108,100,121,81,95,95
Zygarde ,10%,Dragon,Ground,486,54,100,71,61,85,115
Zygarde ,Complete,Dragon,Ground,708,216,100,121,91,95,85
Diancie,,Rock,Fairy,600,50,100,150,100,150,50
Diancie,Mega ,Rock,Fairy,700,50,160,110,160,110,110
Hoopa,Confined ,Psychic,Ghost,600,80,110,60,150,130,70
Hoopa,Unbound ,Psychic,Dark,680,80,160,60,170,130,80
Volcanion,,Fire,Water,600,80,110,120,130,90,70
Rowlet,,Grass,Flying,320,68,55,55,50,50,42
Dartrix,,Grass,Flying,420,78,75,75,70,70,52
Decidueye,,Grass,Ghost,530,78,107,75,100,100,70
Litten,,Fire,,320,45,65,40,60,40,70
Torracat,,Fire,,420,65,85,50,80,50,90
Incineroar,,Fire,Dark,530,95,115,90,80,90,60
Popplio,,Water,,320,50,54,54,66,56,40
Brionne,,Water,,420,60,69,69,91,81,50
Primarina,,Water,Fairy,530,80,74,74,126,116,60
Pikipek,,Normal,Flying,265,35,75,30,30,30,65
Trumbeak,,Normal,Flying,355,55,85,50,40,50,75
Toucannon,,Normal,Flying,485,80,120,75,75,75,60
Yungoos,,Normal,,253,48,70,30,30,30,45
Gumshoos,,Normal,,418,88,110,60,55,60,45
Grubbin,,Bug,,300,47,62,45,55,45,46
Charjabug,,Bug,Electric,400,57,82,95,55,75,36
Vikavolt,,Bug,Electric,500,77,70,90,145,75,43
Crabrawler,,Fighting,,338,47,82,57,42,47,63
Crabominable,,Fighting,Ice,478,97,132,77,62,67,43
Oricorio,Baile ,Fire,Flying,476,75,70,70,98,70,93
Oricorio,Pom-Pom,Electric,Flying,476,75,70,70,98,70,93
Oricorio,Pa'u ,Psychic,Flying,476,75,70,70,98,70,93
Oricorio,Sensu ,Ghost,Flying,476,75,70,70,98,70,93
Cutiefly,,Bug,Fairy,304,40,45,40,55,40,84
Ribombee,,Bug,Fairy,464,60,55,60,95,70,124
Rockruff,,Rock,,280,45,65,40,30,40,60
Lycanroc,Midday ,Rock,,487,75,115,65,55,65,112
Lycanroc,Midnight ,Rock,,487,85,115,75,55,75,82
Lycanroc,Dusk ,Rock,,487,75,117,65,55,65,110
Wishiwashi,Solo ,Water,,175,45,20,20,25,25,40
Wishiwashi,School ,Water,,620,45,140,130,140,135,30
Mareanie,,Poison,Water,305,50,53,62,43,52,45
Toxapex,,Poison,Water,495,50,63,152,53,142,35
Mudbray,,Ground,,385,70,100,70,45,55,45
Mudsdale,,Ground,,500,100,125,100,55,85,35
Dewpider,,Water,Bug,269,38,40,52,40,72,27
Araquanid,,Water,Bug,454,68,70,92,50,132,42
Fomantis,,Grass,,250,40,55,35,50,35,35
Lurantis,,Grass,,480,70,105,90,80,90,45
Morelull,,Grass,Fairy,285,40,35,55,65,75,15
Shiinotic,,Grass,Fairy,405,60,45,80,90,100,30
Salandit,,Poison,Fire,320,48,44,40,71,40,77
Salazzle,,Poison,Fire,480,68,64,60,111,60,117
Stufful,,Normal,Fighting,340,70,75,50,45,50,50
Bewear,,Normal,Fighting,500,120,125,80,55,60,60
Bounsweet,,Grass,,210,42,30,38,30,38,32
Steenee,,Grass,,290,52,40,48,40,48,62
Tsareena,,Grass,,510,72,120,98,50,98,72
Comfey,,Fairy,,485,51,52,90,82,110,100
Oranguru,,Normal,Psychic,490,90,60,80,90,110,60
Passimian,,Fighting,,490,100,120,90,40,60,80
Wimpod,,Bug,Water,230,25,35,40,20,30,80
Golisopod,,Bug,Water,530,75,125,140,60,90,40
Sandygast,,Ghost,Ground,320,55,55,80,70,45,15
Palossand,,Ghost,Ground,480,85,75,110,100,75,35
Pyukumuku,,Water,,410,55,60,130,30,130,5
Type:Null,,Normal,,534,95,95,95,95,95,59
Silvally,,Normal,,570,95,95,95,95,95,95
Minior,Meteor ,Rock,Flying,440,60,60,100,60,100,60
Minior,Core ,Rock,Flying,500,60,100,60,100,60,120
Komala,,Normal,,480,65,115,65,75,95,65
Turtonator,,Fire,Dragon,485,60,78,135,91,85,36
Togedemaru,,Electric,Steel,435,65,98,63,40,73,96
Mimikyu,,Ghost,Fairy,476,55,90,80,50,105,96
Bruxish,,Water,Psychic,475,68,105,70,70,70,92
Drampa,,Normal,Dragon,485,78,60,85,135,91,36
Dhelmise,,Ghost,Grass,517,70,131,100,86,90,40
Jangmo-o,,Dragon,,300,45,55,65,45,45,45
Hakamo-o,,Dragon,Fighting,420,55,75,90,65,70,65
Kommo-o,,Dragon,Fighting,600,75,110,125,100,105,85
Tapu Koko,,Electric,Fairy,570,70,115,85,95,75,130
Tapu Lele,,Psychic,Fairy,570,70,85,75,130,115,95
Tapu Bulu,,Grass,Fairy,570,70,130,115,85,95,75
Tapu Fini,,Water,Fairy,570,70,75,115,95,130,85
Cosmog,,Psychic,,200,43,29,31,29,31,37
Cosmoem,,Psychic,,400,43,29,131,29,131,37
Solgaleo,,Psychic,Steel,680,137,137,107,113,89,97
Lunala,,Psychic,Ghost,680,137,113,89,137,107,97
Nihilego,,Rock,Poison,570,109,53,47,127,131,103
Buzzwole,,Bug,Fighting,570,107,139,139,53,53,79
Pheromosa,,Bug,Fighting,570,71,137,37,137,37,151
Xurkitree,,Electric,,570,83,89,71,173,71,83
Celesteela,,Steel,Flying,570,97,101,103,107,101,61
Kartana,,Grass,Steel,570,59,181,131,59,31,109
Guzzlord,,Dark,Dragon,570,223,101,53,97,53,43
Necrozma,,Psychic,,600,97,107,101,127,89,79
Necrozma,Dusk Mane ,Psychic,Steel,680,97,157,127,113,109,77
Necrozma,Dawn Wings ,Psychic,Ghost,680,97,113,109,157,127,77
Necrozma,Ultra ,Psychic,Dragon,754,97,167,97,167,97,129
Magearna,,Steel,Fairy,600,80,95,115,130,115,65
Marshadow,,Fighting,Ghost,600,90,125,80,90,90,125
Poipole,,Poison,,420,67,73,67,73,67,73
Naganadel,,Poison,Dragon,540,73,73,73,127,73,121
Stakataka,,Rock,Steel,570,61,131,211,53,101,13
Blacephalon,,Fire,Ghost,570,53,127,53,151,79,107
Zeraora,,Electric,,600,88,112,75,102,80,143
Meltan,,Steel,,300,46,65,65,55,35,34
Melmetal,,Steel,,600,135,143,143,80,65,34
Grookey,,Grass,,310,50,65,50,40,40,65
Thwackey,,Grass,,420,70,85,70,55,60,80
Rillaboom,,Grass,,530,100,125,90,60,70,85
Scorbunny,,Fire,,310,50,71,40,40,40,69
Raboot,,Fire,,420,65,86,60,55,60,94
Cinderace,,Fire,,530,80,116,75,65,75,119
Sobble,,Water,,310,50,40,40,70,40,70
Drizzile,,Water,,420,65,60,55,95,55,90
Inteleon,,Water,,530,70,85,65,125,65,120
Skwovet,,Normal,,275,70,55,55,35,35,25
Greedent,,Normal,,460,120,95,95,55,75,20
Rookidee,,Flying,,245,38,47,35,33,35,57
Corvisquire,,Flying,,365,68,67,55,43,55,77
Corviknight,,Flying,Steel,495,98,87,105,53,85,67
Blipbug,,Bug,,180,25,20,20,25,45,45
Dottler,,Bug,Psychic,335,50,35,80,50,90,30
Orbeetle,,Bug,Psychic,505,60,45,110,80,120,90
Nickit,,Dark,,245,40,28,28,47,52,50
Thievul,,Dark,,455,70,58,58,87,92,90
Gossifleur,,Grass,,250,40,40,60,40,60,10
Eldegoss,,Grass,,460,60,50,90,80,120,60
Wooloo,,Normal,,270,42,40,55,40,45,48
Dubwool,,Normal,,490,72,80,100,60,90,88
Chewtle,,Water,,284,50,64,50,38,38,44
Drednaw,,Water,Rock,485,90,115,90,48,68,74
Yamper,,Electric,,270,59,45,50,40,50,26
Boltund,,Electric,,490,69,90,60,90,60,121
Rolycoly,,Rock,,240,30,40,50,40,50,30
Carkol,,Rock,Fire,410,80,60,90,60,70,50
Coalossal,,Rock,Fire,510,110,80,120,80,90,30
Applin,,Grass,Dragon,260,40,40,80,40,40,20
Flapple,,Grass,Dragon,485,70,110,80,95,60,70
Appletun,,Grass,Dragon,485,110,85,80,100,80,30
Silicobra,,Ground,,315,52,57,75,35,50,46
Sandaconda,,Ground,,510,72,107,125,65,70,71
Cramorant,,Flying,Water,475,70,85,55,85,95,85
Arrokuda,,Water,,280,41,63,40,40,30,66
Barraskewda,,Water,,490,61,123,60,60,50,136
Toxel,,Electric,Poison,242,40,38,35,54,35,40
Toxtricity,Low Key ,Electric,Poison,502,75,98,70,114,70,75
Toxtricity,Amped ,Electric,Poison,502,75,98,70,114,70,75
Sizzlipede,,Fire,Bug,305,50,65,45,50,50,45
Centiskorch,,Fire,Bug,525,100,115,65,90,90,65
Clobbopus,,Fighting,,310,50,68,60,50,50,32
Grapploct,,Fighting,,480,80,118,90,70,80,42
Sinistea,,Ghost,,308,40,45,45,74,54,50
Polteageist,,Ghost,,508,60,65,65,134,114,70
Hatenna,,Psychic,,265,42,30,45,56,53,39
Hattrem,,Psychic,,370,57,40,65,86,73,49
Hatterene,,Psychic,Fairy,510,57,90,95,136,103,29
Impidimp,,Dark,Fairy,265,45,45,30,55,40,50
Morgrem,,Dark,Fairy,370,65,60,45,75,55,70
Grimmsnarl,,Dark,Fairy,510,95,120,65,95,75,60
Obstagoon,,Dark,Normal,520,93,90,101,60,81,95
Perrserker,,Steel,,440,70,110,100,50,60,50
Cursola,,Ghost,,510,60,95,50,145,130,30
Sirfetch'd,,Fighting,,507,62,135,95,68,82,65
Mr.Rime,,Ice,Psychic,520,80,85,75,110,100,70
Runerigus,,Ground,Ghost,483,58,95,145,50,105,30
Milcery,,Fairy,,270,45,40,40,50,61,34
Alcremie,,Fairy,,495,65,60,75,110,121,64
Falinks,,Fighting,,470,65,100,100,70,60,75
Pincurchin,,Electric,,435,48,101,95,91,85,15
Snom,,Ice,Bug,185,30,25,35,45,30,20
Frosmoth,,Ice,Bug,475,70,65,60,125,90,65
Stonjourner,,Rock,,470,100,125,135,20,20,70
Eiscue,Ice Face ,Ice,,470,75,80,110,65,90,50
Eiscue,Noice Face ,Ice,,470,75,80,70,65,50,130
Indeedee,Male ,Psychic,Normal,475,60,65,55,105,95,95
Indeedee,Female ,Psychic,Normal,475,70,55,65,95,105,85
Morpeko,,Electric,Dark,436,58,95,58,70,58,97
Cufant,,Steel,,330,72,80,49,40,49,40
Copperajah,,Steel,,500,122,130,69,80,69,30
Dracozolt,,Electric,Dragon,505,90,100,90,80,70,75
Arctozolt,,Electric,Ice,505,90,100,90,90,80,55
Dracovish,,Water,Dragon,505,90,90,100,70,80,75
Arctovish,,Water,Ice,505,90,90,100,80,90,55
Duraludon,,Steel,Dragon,535,70,95,115,120,50,85
Dreepy,,Dragon,Ghost,270,28,60,30,40,30,82
Drakloak,,Dragon,Ghost,410,68,80,50,60,50,102
Dragapult,,Dragon,Ghost,600,88,120,75,100,75,142
Zacian,Crowned Sword ,Fairy,Steel,720,92,170,115,80,115,148
Zacian,Hero of Many Battles ,Fairy,,670,92,130,115,80,115,138
Zamazenta,Crowned Shield ,Fighting,Steel,720,92,130,145,80,145,128
Zamazenta,Hero of Many Battles ,Fighting,,670,92,130,115,80,115,138
Eternatus,,Poison,Dragon,690,140,85,95,145,95,130
Eternatus,Eternamax ,Poison,Dragon,1125,255,115,250,125,250,130
Kubfu,,Fighting,,385,60,90,60,53,50,72
Urshifu,Single Strike ,Fighting,Dark,550,100,130,100,63,60,97
Urshifu,Rapid Strike ,Fighting,Water,550,100,130,100,63,60,97
Zarude,,Dark,Grass,600,105,120,105,70,95,105
Regieleki,,Electric,,580,80,100,50,100,50,200
Regidrago,,Dragon,,580,200,100,50,100,50,80
Glastrier,,Ice,,580,100,145,130,65,110,30
Spectrier,,Ghost,,580,100,65,60,145,80,130
Calyrex,,Psychic,Grass,500,100,80,80,80,80,80
Calyrex,Ice Rider ,Psychic,Ice,680,100,165,150,85,130,50
Calyrex,Shadow Rider ,Psychic,Ghost,680,100,85,80,165,100,150
Sneasel,Hisuian ,Poison,Fighting,430,55,95,55,35,75,115
Sneasler,,Poison,Fighting,510,80,130,60,40,80,120
Qwilfish,Hisuian ,Dark,Poison,440,65,95,85,55,55,85
Overqwil,,Dark,Poison,510,85,115,95,65,65,85
Voltorb,Hisuian ,Electric,Grass,330,40,30,50,55,55,100
Electrode,Hisuian ,Eletric,Grass,490,60,50,70,80,80,150
Zorua,Hisuian ,Normal,Ghost,330,35,60,40,85,40,70
Zoroark,Hisuian ,Normal,Ghost,510,55,100,60,125,60,110
Growlithe,Hisuian ,Fire,Rock,350,60,75,45,65,50,55
Arcanine,Hisuian ,Fire,Rock,555,95,115,80,95,80,90
Braviary,Hisuian ,Psychic,Flying,510,110,83,70,112,70,65
Sliggoo,Hisuian ,Dragon,Steel,452,58,75,83,83,113,40
Goodra,Hisuian ,Dragon,Steel,600,80,100,100,110,150,60
Lilligant,Hisuian ,Grass,Fighting,480,70,105,75,50,75,105
Samurott,Hisuian ,Water,Dark,528,90,108,80,100,65,85
Typhlosion,Hisuian ,Fire,Ghost,534,73,84,78,119,85,95
Decidueye,Hisuian ,Grass,Fighting,530,88,112,80,95,95,60
Avalugg,Hisuian ,Ice,Rock,514,95,127,184,34,36,38
Dialga,Origin ,Steel,Dragon,680,100,100,120,150,120,90
Palkia,Origin ,Water,Dragon,680,90,100,100,150,120,120
Enamorus,Incarnate ,Fairy,Flying,580,74,115,70,135,80,106
Enamorus,Therian  ,Fairy,Flying,580,74,115,110,135,100,46
Wyrdeer,,Normal,Psychic,525,103,105,72,105,75,65
Basculin,White-Striped ,Water,,460,70,92,65,80,55,98
Basculegion,Male ,Water,Ghost,530,120,112,65,80,75,78
Basculegion,Female ,Water,Ghost,530,120,92,65,100,75,78
Kleavor,,Bug,Rock,505,70,135,95,45,75,85
Ursaluna,,Normal,Ground,550,130,140,105,45,80,50